index,code,original_file,renamed_reference,scene,season,outfit,location_type,shot_type
1,eunbi_001_hanok_pink_top_side_073350,base_images/eunbi/스크린샷 2026-05-20 오후 7.33.50.png,characters/woongbbi/eunbi/source_images/eunbi_001_hanok_pink_top_side_073350.jpg,tropical_coast_and_hanok_trip,summer,pink/green summer tops with denim or swimwear,"outdoor travel, seaside, traditional architecture",half_body_to_full_body
2,eunbi_002_boat_ocean_white_top_073410,base_images/eunbi/스크린샷 2026-05-20 오후 7.34.10.png,characters/woongbbi/eunbi/source_images/eunbi_002_boat_ocean_white_top_073410.jpg,tropical_coast_and_hanok_trip,summer,pink/green summer tops with denim or swimwear,"outdoor travel, seaside, traditional architecture",half_body_to_full_body
3,eunbi_003_beach_green_top_sunglasses_073421,base_images/eunbi/스크린샷 2026-05-20 오후 7.34.21.png,characters/woongbbi/eunbi/source_images/eunbi_003_beach_green_top_sunglasses_073421.jpg,tropical_coast_and_hanok_trip,summer,pink/green summer tops with denim or swimwear,"outdoor travel, seaside, traditional architecture",half_body_to_full_body
4,eunbi_004_tulip_white_blazer_collage_073437,base_images/eunbi/스크린샷 2026-05-20 오후 7.34.37.png,characters/woongbbi/eunbi/source_images/eunbi_004_tulip_white_blazer_collage_073437.jpg,cafe_riverside_station_city,spring_to_summer,white cardigan or sleeveless black/white city casual,"cafe, riverside park, station, city landmark",portrait_to_full_body
5,eunbi_005_cafe_mirror_brown_jacket_073446,base_images/eunbi/스크린샷 2026-05-20 오후 7.34.46.png,characters/woongbbi/eunbi/source_images/eunbi_005_cafe_mirror_brown_jacket_073446.jpg,cafe_riverside_station_city,spring_to_summer,white cardigan or sleeveless black/white city casual,"cafe, riverside park, station, city landmark",portrait_to_full_body
6,eunbi_006_cafe_smile_black_sleeveless_073456,base_images/eunbi/스크린샷 2026-05-20 오후 7.34.56.png,characters/woongbbi/eunbi/source_images/eunbi_006_cafe_smile_black_sleeveless_073456.jpg,cafe_riverside_station_city,spring_to_summer,white cardigan or sleeveless black/white city casual,"cafe, riverside park, station, city landmark",portrait_to_full_body
7,eunbi_007_riverside_white_cardigan_seated_073506,base_images/eunbi/스크린샷 2026-05-20 오후 7.35.06.png,characters/woongbbi/eunbi/source_images/eunbi_007_riverside_white_cardigan_seated_073506.jpg,cafe_riverside_station_city,spring_to_summer,white cardigan or sleeveless black/white city casual,"cafe, riverside park, station, city landmark",portrait_to_full_body
8,eunbi_008_riverside_white_cardigan_close_073515,base_images/eunbi/스크린샷 2026-05-20 오후 7.35.15.png,characters/woongbbi/eunbi/source_images/eunbi_008_riverside_white_cardigan_close_073515.jpg,cafe_riverside_station_city,spring_to_summer,white cardigan or sleeveless black/white city casual,"cafe, riverside park, station, city landmark",portrait_to_full_body
9,eunbi_009_station_selfie_white_knit_073523,base_images/eunbi/스크린샷 2026-05-20 오후 7.35.23.png,characters/woongbbi/eunbi/source_images/eunbi_009_station_selfie_white_knit_073523.jpg,cafe_riverside_station_city,spring_to_summer,white cardigan or sleeveless black/white city casual,"cafe, riverside park, station, city landmark",portrait_to_full_body
10,eunbi_010_cathedral_stripe_sleeveless_073535,base_images/eunbi/스크린샷 2026-05-20 오후 7.35.35.png,characters/woongbbi/eunbi/source_images/eunbi_010_cathedral_stripe_sleeveless_073535.jpg,cafe_riverside_station_city,spring_to_summer,white cardigan or sleeveless black/white city casual,"cafe, riverside park, station, city landmark",portrait_to_full_body
11,eunbi_011_resort_green_bikini_sunset_073546,base_images/eunbi/스크린샷 2026-05-20 오후 7.35.46.png,characters/woongbbi/eunbi/source_images/eunbi_011_resort_green_bikini_sunset_073546.jpg,resort_pool_ocean_snorkel,summer,"green bikini, pink swimwear, rash guard, casual vacation wear","resort, beach, pool, ocean, sunset",swimwear_full_body
12,eunbi_012_hammock_green_bikini_portrait_073554,base_images/eunbi/스크린샷 2026-05-20 오후 7.35.54.png,characters/woongbbi/eunbi/source_images/eunbi_012_hammock_green_bikini_portrait_073554.jpg,resort_pool_ocean_snorkel,summer,"green bikini, pink swimwear, rash guard, casual vacation wear","resort, beach, pool, ocean, sunset",swimwear_full_body
13,eunbi_013_hammock_green_bikini_alt_073604,base_images/eunbi/스크린샷 2026-05-20 오후 7.36.04.png,characters/woongbbi/eunbi/source_images/eunbi_013_hammock_green_bikini_alt_073604.jpg,resort_pool_ocean_snorkel,summer,"green bikini, pink swimwear, rash guard, casual vacation wear","resort, beach, pool, ocean, sunset",swimwear_full_body
14,eunbi_014_balcony_black_tee_back_073613,base_images/eunbi/스크린샷 2026-05-20 오후 7.36.13.png,characters/woongbbi/eunbi/source_images/eunbi_014_balcony_black_tee_back_073613.jpg,resort_pool_ocean_snorkel,summer,"green bikini, pink swimwear, rash guard, casual vacation wear","resort, beach, pool, ocean, sunset",swimwear_full_body
15,eunbi_015_anime_wall_fuzzy_hat_073630,base_images/eunbi/스크린샷 2026-05-20 오후 7.36.30.png,characters/woongbbi/eunbi/source_images/eunbi_015_anime_wall_fuzzy_hat_073630.jpg,resort_pool_ocean_snorkel,summer,"green bikini, pink swimwear, rash guard, casual vacation wear","resort, beach, pool, ocean, sunset",swimwear_full_body
16,eunbi_016_doorway_fuzzy_hat_peace_073639,base_images/eunbi/스크린샷 2026-05-20 오후 7.36.39.png,characters/woongbbi/eunbi/source_images/eunbi_016_doorway_fuzzy_hat_peace_073639.jpg,resort_pool_ocean_snorkel,summer,"green bikini, pink swimwear, rash guard, casual vacation wear","resort, beach, pool, ocean, sunset",swimwear_full_body
17,eunbi_017_city_street_white_cardigan_073655,base_images/eunbi/스크린샷 2026-05-20 오후 7.36.55.png,characters/woongbbi/eunbi/source_images/eunbi_017_city_street_white_cardigan_073655.jpg,resort_pool_ocean_snorkel,summer,"green bikini, pink swimwear, rash guard, casual vacation wear","resort, beach, pool, ocean, sunset",swimwear_full_body
18,eunbi_018_city_street_playful_pose_073703,base_images/eunbi/스크린샷 2026-05-20 오후 7.37.03.png,characters/woongbbi/eunbi/source_images/eunbi_018_city_street_playful_pose_073703.jpg,resort_pool_ocean_snorkel,summer,"green bikini, pink swimwear, rash guard, casual vacation wear","resort, beach, pool, ocean, sunset",swimwear_full_body
19,eunbi_019_riverside_picnic_tree_073715,base_images/eunbi/스크린샷 2026-05-20 오후 7.37.15.png,characters/woongbbi/eunbi/source_images/eunbi_019_riverside_picnic_tree_073715.jpg,resort_pool_ocean_snorkel,summer,"green bikini, pink swimwear, rash guard, casual vacation wear","resort, beach, pool, ocean, sunset",swimwear_full_body
20,eunbi_020_riverside_tree_icecream_073725,base_images/eunbi/스크린샷 2026-05-20 오후 7.37.25.png,characters/woongbbi/eunbi/source_images/eunbi_020_riverside_tree_icecream_073725.jpg,resort_pool_ocean_snorkel,summer,"green bikini, pink swimwear, rash guard, casual vacation wear","resort, beach, pool, ocean, sunset",swimwear_full_body
21,eunbi_021_riverside_tree_seated_073733,base_images/eunbi/스크린샷 2026-05-20 오후 7.37.33.png,characters/woongbbi/eunbi/source_images/eunbi_021_riverside_tree_seated_073733.jpg,resort_pool_ocean_snorkel,summer,"green bikini, pink swimwear, rash guard, casual vacation wear","resort, beach, pool, ocean, sunset",swimwear_full_body
22,eunbi_022_park_sunset_bench_073742,base_images/eunbi/스크린샷 2026-05-20 오후 7.37.42.png,characters/woongbbi/eunbi/source_images/eunbi_022_park_sunset_bench_073742.jpg,resort_pool_ocean_snorkel,summer,"green bikini, pink swimwear, rash guard, casual vacation wear","resort, beach, pool, ocean, sunset",swimwear_full_body
23,eunbi_023_resort_pool_ocean_snorkel_073752,base_images/eunbi/스크린샷 2026-05-20 오후 7.37.52.png,characters/woongbbi/eunbi/source_images/eunbi_023_resort_pool_ocean_snorkel_073752.jpg,resort_pool_ocean_snorkel,summer,"green bikini, pink swimwear, rash guard, casual vacation wear","resort, beach, pool, ocean, sunset",swimwear_full_body
24,eunbi_024_resort_pool_ocean_snorkel_073800,base_images/eunbi/스크린샷 2026-05-20 오후 7.38.00.png,characters/woongbbi/eunbi/source_images/eunbi_024_resort_pool_ocean_snorkel_073800.jpg,resort_pool_ocean_snorkel,summer,"green bikini, pink swimwear, rash guard, casual vacation wear","resort, beach, pool, ocean, sunset",swimwear_full_body
25,eunbi_025_resort_pool_ocean_snorkel_073810,base_images/eunbi/스크린샷 2026-05-20 오후 7.38.10.png,characters/woongbbi/eunbi/source_images/eunbi_025_resort_pool_ocean_snorkel_073810.jpg,resort_pool_ocean_snorkel,summer,"green bikini, pink swimwear, rash guard, casual vacation wear","resort, beach, pool, ocean, sunset",swimwear_full_body
26,eunbi_026_resort_pool_ocean_snorkel_073818,base_images/eunbi/스크린샷 2026-05-20 오후 7.38.18.png,characters/woongbbi/eunbi/source_images/eunbi_026_resort_pool_ocean_snorkel_073818.jpg,resort_pool_ocean_snorkel,summer,"green bikini, pink swimwear, rash guard, casual vacation wear","resort, beach, pool, ocean, sunset",swimwear_full_body
27,eunbi_027_resort_pool_ocean_snorkel_073826,base_images/eunbi/스크린샷 2026-05-20 오후 7.38.26.png,characters/woongbbi/eunbi/source_images/eunbi_027_resort_pool_ocean_snorkel_073826.jpg,resort_pool_ocean_snorkel,summer,"green bikini, pink swimwear, rash guard, casual vacation wear","resort, beach, pool, ocean, sunset",swimwear_full_body
28,eunbi_028_resort_pool_ocean_snorkel_073835,base_images/eunbi/스크린샷 2026-05-20 오후 7.38.35.png,characters/woongbbi/eunbi/source_images/eunbi_028_resort_pool_ocean_snorkel_073835.jpg,resort_pool_ocean_snorkel,summer,"green bikini, pink swimwear, rash guard, casual vacation wear","resort, beach, pool, ocean, sunset",swimwear_full_body
29,eunbi_029_resort_pool_ocean_snorkel_073845,base_images/eunbi/스크린샷 2026-05-20 오후 7.38.45.png,characters/woongbbi/eunbi/source_images/eunbi_029_resort_pool_ocean_snorkel_073845.jpg,resort_pool_ocean_snorkel,summer,"green bikini, pink swimwear, rash guard, casual vacation wear","resort, beach, pool, ocean, sunset",swimwear_full_body
30,eunbi_030_resort_pool_ocean_snorkel_073854,base_images/eunbi/스크린샷 2026-05-20 오후 7.38.54.png,characters/woongbbi/eunbi/source_images/eunbi_030_resort_pool_ocean_snorkel_073854.jpg,resort_pool_ocean_snorkel,summer,"green bikini, pink swimwear, rash guard, casual vacation wear","resort, beach, pool, ocean, sunset",swimwear_full_body
31,eunbi_031_resort_pool_ocean_snorkel_073904,base_images/eunbi/스크린샷 2026-05-20 오후 7.39.04.png,characters/woongbbi/eunbi/source_images/eunbi_031_resort_pool_ocean_snorkel_073904.jpg,resort_pool_ocean_snorkel,summer,"green bikini, pink swimwear, rash guard, casual vacation wear","resort, beach, pool, ocean, sunset",swimwear_full_body
32,eunbi_032_resort_pool_ocean_snorkel_073916,base_images/eunbi/스크린샷 2026-05-20 오후 7.39.16.png,characters/woongbbi/eunbi/source_images/eunbi_032_resort_pool_ocean_snorkel_073916.jpg,resort_pool_ocean_snorkel,summer,"green bikini, pink swimwear, rash guard, casual vacation wear","resort, beach, pool, ocean, sunset",swimwear_full_body
33,eunbi_033_resort_pool_ocean_snorkel_073923,base_images/eunbi/스크린샷 2026-05-20 오후 7.39.23.png,characters/woongbbi/eunbi/source_images/eunbi_033_resort_pool_ocean_snorkel_073923.jpg,resort_pool_ocean_snorkel,summer,"green bikini, pink swimwear, rash guard, casual vacation wear","resort, beach, pool, ocean, sunset",swimwear_full_body
34,eunbi_034_resort_pool_ocean_snorkel_073930,base_images/eunbi/스크린샷 2026-05-20 오후 7.39.30.png,characters/woongbbi/eunbi/source_images/eunbi_034_resort_pool_ocean_snorkel_073930.jpg,resort_pool_ocean_snorkel,summer,"green bikini, pink swimwear, rash guard, casual vacation wear","resort, beach, pool, ocean, sunset",swimwear_full_body
35,eunbi_035_resort_pool_ocean_snorkel_073940,base_images/eunbi/스크린샷 2026-05-20 오후 7.39.40.png,characters/woongbbi/eunbi/source_images/eunbi_035_resort_pool_ocean_snorkel_073940.jpg,resort_pool_ocean_snorkel,summer,"green bikini, pink swimwear, rash guard, casual vacation wear","resort, beach, pool, ocean, sunset",swimwear_full_body
36,eunbi_036_resort_pool_ocean_snorkel_073952,base_images/eunbi/스크린샷 2026-05-20 오후 7.39.52.png,characters/woongbbi/eunbi/source_images/eunbi_036_resort_pool_ocean_snorkel_073952.jpg,resort_pool_ocean_snorkel,summer,"green bikini, pink swimwear, rash guard, casual vacation wear","resort, beach, pool, ocean, sunset",swimwear_full_body
37,eunbi_037_resort_pool_ocean_snorkel_073959,base_images/eunbi/스크린샷 2026-05-20 오후 7.39.59.png,characters/woongbbi/eunbi/source_images/eunbi_037_resort_pool_ocean_snorkel_073959.jpg,resort_pool_ocean_snorkel,summer,"green bikini, pink swimwear, rash guard, casual vacation wear","resort, beach, pool, ocean, sunset",swimwear_full_body
38,eunbi_038_resort_pool_ocean_snorkel_074009,base_images/eunbi/스크린샷 2026-05-20 오후 7.40.09.png,characters/woongbbi/eunbi/source_images/eunbi_038_resort_pool_ocean_snorkel_074009.jpg,resort_pool_ocean_snorkel,summer,"green bikini, pink swimwear, rash guard, casual vacation wear","resort, beach, pool, ocean, sunset",swimwear_full_body
39,eunbi_039_resort_pool_ocean_snorkel_074020,base_images/eunbi/스크린샷 2026-05-20 오후 7.40.20.png,characters/woongbbi/eunbi/source_images/eunbi_039_resort_pool_ocean_snorkel_074020.jpg,resort_pool_ocean_snorkel,summer,"green bikini, pink swimwear, rash guard, casual vacation wear","resort, beach, pool, ocean, sunset",swimwear_full_body
40,eunbi_040_resort_pool_ocean_snorkel_074030,base_images/eunbi/스크린샷 2026-05-20 오후 7.40.30.png,characters/woongbbi/eunbi/source_images/eunbi_040_resort_pool_ocean_snorkel_074030.jpg,resort_pool_ocean_snorkel,summer,"green bikini, pink swimwear, rash guard, casual vacation wear","resort, beach, pool, ocean, sunset",swimwear_full_body
41,eunbi_041_tennis_court_autumn_walk_074038,base_images/eunbi/스크린샷 2026-05-20 오후 7.40.38.png,characters/woongbbi/eunbi/source_images/eunbi_041_tennis_court_autumn_walk_074038.jpg,tennis_court_autumn_walk,autumn,oversized hoodie or sweatshirt with shorts and sneakers,"park, tennis court, residential street",full_body
42,eunbi_042_tennis_court_autumn_walk_074047,base_images/eunbi/스크린샷 2026-05-20 오후 7.40.47.png,characters/woongbbi/eunbi/source_images/eunbi_042_tennis_court_autumn_walk_074047.jpg,tennis_court_autumn_walk,autumn,oversized hoodie or sweatshirt with shorts and sneakers,"park, tennis court, residential street",full_body
43,eunbi_043_tennis_court_autumn_walk_074056,base_images/eunbi/스크린샷 2026-05-20 오후 7.40.56.png,characters/woongbbi/eunbi/source_images/eunbi_043_tennis_court_autumn_walk_074056.jpg,tennis_court_autumn_walk,autumn,oversized hoodie or sweatshirt with shorts and sneakers,"park, tennis court, residential street",full_body
44,eunbi_044_tennis_court_autumn_walk_074119,base_images/eunbi/스크린샷 2026-05-20 오후 7.41.19.png,characters/woongbbi/eunbi/source_images/eunbi_044_tennis_court_autumn_walk_074119.jpg,tennis_court_autumn_walk,autumn,oversized hoodie or sweatshirt with shorts and sneakers,"park, tennis court, residential street",full_body
45,eunbi_045_tennis_court_autumn_walk_074126,base_images/eunbi/스크린샷 2026-05-20 오후 7.41.26.png,characters/woongbbi/eunbi/source_images/eunbi_045_tennis_court_autumn_walk_074126.jpg,tennis_court_autumn_walk,autumn,oversized hoodie or sweatshirt with shorts and sneakers,"park, tennis court, residential street",full_body
46,eunbi_046_tennis_court_autumn_walk_074133,base_images/eunbi/스크린샷 2026-05-20 오후 7.41.33.png,characters/woongbbi/eunbi/source_images/eunbi_046_tennis_court_autumn_walk_074133.jpg,tennis_court_autumn_walk,autumn,oversized hoodie or sweatshirt with shorts and sneakers,"park, tennis court, residential street",full_body
47,eunbi_047_tennis_court_autumn_walk_074143,base_images/eunbi/스크린샷 2026-05-20 오후 7.41.43.png,characters/woongbbi/eunbi/source_images/eunbi_047_tennis_court_autumn_walk_074143.jpg,tennis_court_autumn_walk,autumn,oversized hoodie or sweatshirt with shorts and sneakers,"park, tennis court, residential street",full_body
48,eunbi_048_tennis_court_autumn_walk_074157,base_images/eunbi/스크린샷 2026-05-20 오후 7.41.57.png,characters/woongbbi/eunbi/source_images/eunbi_048_tennis_court_autumn_walk_074157.jpg,tennis_court_autumn_walk,autumn,oversized hoodie or sweatshirt with shorts and sneakers,"park, tennis court, residential street",full_body
49,eunbi_049_tennis_court_autumn_walk_074203,base_images/eunbi/스크린샷 2026-05-20 오후 7.42.03.png,characters/woongbbi/eunbi/source_images/eunbi_049_tennis_court_autumn_walk_074203.jpg,tennis_court_autumn_walk,autumn,oversized hoodie or sweatshirt with shorts and sneakers,"park, tennis court, residential street",full_body
50,eunbi_050_tennis_court_autumn_walk_074217,base_images/eunbi/스크린샷 2026-05-20 오후 7.42.17.png,characters/woongbbi/eunbi/source_images/eunbi_050_tennis_court_autumn_walk_074217.jpg,tennis_court_autumn_walk,autumn,oversized hoodie or sweatshirt with shorts and sneakers,"park, tennis court, residential street",full_body
51,eunbi_051_tennis_court_autumn_walk_074229,base_images/eunbi/스크린샷 2026-05-20 오후 7.42.29.png,characters/woongbbi/eunbi/source_images/eunbi_051_tennis_court_autumn_walk_074229.jpg,tennis_court_autumn_walk,autumn,oversized hoodie or sweatshirt with shorts and sneakers,"park, tennis court, residential street",full_body
52,eunbi_052_museum_park_observatory_city_074239,base_images/eunbi/스크린샷 2026-05-20 오후 7.42.39.png,characters/woongbbi/eunbi/source_images/eunbi_052_museum_park_observatory_city_074239.jpg,museum_park_observatory_city,spring_to_autumn,"white top with black skirt, cap, soft pink shirt, black skirt","museum, park, observatory, urban landmark",full_body_to_half_body
53,eunbi_053_museum_park_observatory_city_074245,base_images/eunbi/스크린샷 2026-05-20 오후 7.42.45.png,characters/woongbbi/eunbi/source_images/eunbi_053_museum_park_observatory_city_074245.jpg,museum_park_observatory_city,spring_to_autumn,"white top with black skirt, cap, soft pink shirt, black skirt","museum, park, observatory, urban landmark",full_body_to_half_body
54,eunbi_054_museum_park_observatory_city_074302,base_images/eunbi/스크린샷 2026-05-20 오후 7.43.02.png,characters/woongbbi/eunbi/source_images/eunbi_054_museum_park_observatory_city_074302.jpg,museum_park_observatory_city,spring_to_autumn,"white top with black skirt, cap, soft pink shirt, black skirt","museum, park, observatory, urban landmark",full_body_to_half_body
55,eunbi_055_museum_park_observatory_city_074308,base_images/eunbi/스크린샷 2026-05-20 오후 7.43.08.png,characters/woongbbi/eunbi/source_images/eunbi_055_museum_park_observatory_city_074308.jpg,museum_park_observatory_city,spring_to_autumn,"white top with black skirt, cap, soft pink shirt, black skirt","museum, park, observatory, urban landmark",full_body_to_half_body
56,eunbi_056_museum_park_observatory_city_074317,base_images/eunbi/스크린샷 2026-05-20 오후 7.43.17.png,characters/woongbbi/eunbi/source_images/eunbi_056_museum_park_observatory_city_074317.jpg,museum_park_observatory_city,spring_to_autumn,"white top with black skirt, cap, soft pink shirt, black skirt","museum, park, observatory, urban landmark",full_body_to_half_body
57,eunbi_057_museum_park_observatory_city_074324,base_images/eunbi/스크린샷 2026-05-20 오후 7.43.24.png,characters/woongbbi/eunbi/source_images/eunbi_057_museum_park_observatory_city_074324.jpg,museum_park_observatory_city,spring_to_autumn,"white top with black skirt, cap, soft pink shirt, black skirt","museum, park, observatory, urban landmark",full_body_to_half_body
58,eunbi_058_museum_park_observatory_city_074330,base_images/eunbi/스크린샷 2026-05-20 오후 7.43.30.png,characters/woongbbi/eunbi/source_images/eunbi_058_museum_park_observatory_city_074330.jpg,museum_park_observatory_city,spring_to_autumn,"white top with black skirt, cap, soft pink shirt, black skirt","museum, park, observatory, urban landmark",full_body_to_half_body
59,eunbi_059_museum_park_observatory_city_074338,base_images/eunbi/스크린샷 2026-05-20 오후 7.43.38.png,characters/woongbbi/eunbi/source_images/eunbi_059_museum_park_observatory_city_074338.jpg,museum_park_observatory_city,spring_to_autumn,"white top with black skirt, cap, soft pink shirt, black skirt","museum, park, observatory, urban landmark",full_body_to_half_body
60,eunbi_060_museum_park_observatory_city_074346,base_images/eunbi/스크린샷 2026-05-20 오후 7.43.46.png,characters/woongbbi/eunbi/source_images/eunbi_060_museum_park_observatory_city_074346.jpg,museum_park_observatory_city,spring_to_autumn,"white top with black skirt, cap, soft pink shirt, black skirt","museum, park, observatory, urban landmark",full_body_to_half_body
61,eunbi_061_museum_park_observatory_city_074403,base_images/eunbi/스크린샷 2026-05-20 오후 7.44.03.png,characters/woongbbi/eunbi/source_images/eunbi_061_museum_park_observatory_city_074403.jpg,museum_park_observatory_city,spring_to_autumn,"white top with black skirt, cap, soft pink shirt, black skirt","museum, park, observatory, urban landmark",full_body_to_half_body
62,eunbi_062_museum_park_observatory_city_074410,base_images/eunbi/스크린샷 2026-05-20 오후 7.44.10.png,characters/woongbbi/eunbi/source_images/eunbi_062_museum_park_observatory_city_074410.jpg,museum_park_observatory_city,spring_to_autumn,"white top with black skirt, cap, soft pink shirt, black skirt","museum, park, observatory, urban landmark",full_body_to_half_body
63,eunbi_063_museum_park_observatory_city_074416,base_images/eunbi/스크린샷 2026-05-20 오후 7.44.16.png,characters/woongbbi/eunbi/source_images/eunbi_063_museum_park_observatory_city_074416.jpg,museum_park_observatory_city,spring_to_autumn,"white top with black skirt, cap, soft pink shirt, black skirt","museum, park, observatory, urban landmark",full_body_to_half_body
64,eunbi_064_museum_park_observatory_city_074428,base_images/eunbi/스크린샷 2026-05-20 오후 7.44.28.png,characters/woongbbi/eunbi/source_images/eunbi_064_museum_park_observatory_city_074428.jpg,museum_park_observatory_city,spring_to_autumn,"white top with black skirt, cap, soft pink shirt, black skirt","museum, park, observatory, urban landmark",full_body_to_half_body
65,eunbi_065_museum_park_observatory_city_074434,base_images/eunbi/스크린샷 2026-05-20 오후 7.44.34.png,characters/woongbbi/eunbi/source_images/eunbi_065_museum_park_observatory_city_074434.jpg,museum_park_observatory_city,spring_to_autumn,"white top with black skirt, cap, soft pink shirt, black skirt","museum, park, observatory, urban landmark",full_body_to_half_body
66,eunbi_066_museum_park_observatory_city_074442,base_images/eunbi/스크린샷 2026-05-20 오후 7.44.42.png,characters/woongbbi/eunbi/source_images/eunbi_066_museum_park_observatory_city_074442.jpg,museum_park_observatory_city,spring_to_autumn,"white top with black skirt, cap, soft pink shirt, black skirt","museum, park, observatory, urban landmark",full_body_to_half_body
67,eunbi_067_museum_park_observatory_city_074503,base_images/eunbi/스크린샷 2026-05-20 오후 7.45.03.png,characters/woongbbi/eunbi/source_images/eunbi_067_museum_park_observatory_city_074503.jpg,museum_park_observatory_city,spring_to_autumn,"white top with black skirt, cap, soft pink shirt, black skirt","museum, park, observatory, urban landmark",full_body_to_half_body
68,eunbi_068_museum_park_observatory_city_074510,base_images/eunbi/스크린샷 2026-05-20 오후 7.45.10.png,characters/woongbbi/eunbi/source_images/eunbi_068_museum_park_observatory_city_074510.jpg,museum_park_observatory_city,spring_to_autumn,"white top with black skirt, cap, soft pink shirt, black skirt","museum, park, observatory, urban landmark",full_body_to_half_body
69,eunbi_069_museum_park_observatory_city_074516,base_images/eunbi/스크린샷 2026-05-20 오후 7.45.16.png,characters/woongbbi/eunbi/source_images/eunbi_069_museum_park_observatory_city_074516.jpg,museum_park_observatory_city,spring_to_autumn,"white top with black skirt, cap, soft pink shirt, black skirt","museum, park, observatory, urban landmark",full_body_to_half_body
70,eunbi_070_museum_park_observatory_city_074530,base_images/eunbi/스크린샷 2026-05-20 오후 7.45.30.png,characters/woongbbi/eunbi/source_images/eunbi_070_museum_park_observatory_city_074530.jpg,museum_park_observatory_city,spring_to_autumn,"white top with black skirt, cap, soft pink shirt, black skirt","museum, park, observatory, urban landmark",full_body_to_half_body
71,eunbi_071_museum_park_observatory_city_074538,base_images/eunbi/스크린샷 2026-05-20 오후 7.45.38.png,characters/woongbbi/eunbi/source_images/eunbi_071_museum_park_observatory_city_074538.jpg,museum_park_observatory_city,spring_to_autumn,"white top with black skirt, cap, soft pink shirt, black skirt","museum, park, observatory, urban landmark",full_body_to_half_body
72,eunbi_072_campus_river_mountain_fall_074551,base_images/eunbi/스크린샷 2026-05-20 오후 7.45.51.png,characters/woongbbi/eunbi/source_images/eunbi_072_campus_river_mountain_fall_074551.jpg,campus_river_mountain_fall,autumn_to_winter,"black jacket, pink knit, white cardigan, brown jacket, fleece hoodie","campus/residential streets, riverside, lake, mountains",portrait_to_full_body
73,eunbi_073_campus_river_mountain_fall_074557,base_images/eunbi/스크린샷 2026-05-20 오후 7.45.57.png,characters/woongbbi/eunbi/source_images/eunbi_073_campus_river_mountain_fall_074557.jpg,campus_river_mountain_fall,autumn_to_winter,"black jacket, pink knit, white cardigan, brown jacket, fleece hoodie","campus/residential streets, riverside, lake, mountains",portrait_to_full_body
74,eunbi_074_campus_river_mountain_fall_074603,base_images/eunbi/스크린샷 2026-05-20 오후 7.46.03.png,characters/woongbbi/eunbi/source_images/eunbi_074_campus_river_mountain_fall_074603.jpg,campus_river_mountain_fall,autumn_to_winter,"black jacket, pink knit, white cardigan, brown jacket, fleece hoodie","campus/residential streets, riverside, lake, mountains",portrait_to_full_body
75,eunbi_075_campus_river_mountain_fall_074609,base_images/eunbi/스크린샷 2026-05-20 오후 7.46.09.png,characters/woongbbi/eunbi/source_images/eunbi_075_campus_river_mountain_fall_074609.jpg,campus_river_mountain_fall,autumn_to_winter,"black jacket, pink knit, white cardigan, brown jacket, fleece hoodie","campus/residential streets, riverside, lake, mountains",portrait_to_full_body
76,eunbi_076_campus_river_mountain_fall_074615,base_images/eunbi/스크린샷 2026-05-20 오후 7.46.15.png,characters/woongbbi/eunbi/source_images/eunbi_076_campus_river_mountain_fall_074615.jpg,campus_river_mountain_fall,autumn_to_winter,"black jacket, pink knit, white cardigan, brown jacket, fleece hoodie","campus/residential streets, riverside, lake, mountains",portrait_to_full_body
77,eunbi_077_campus_river_mountain_fall_074621,base_images/eunbi/스크린샷 2026-05-20 오후 7.46.21.png,characters/woongbbi/eunbi/source_images/eunbi_077_campus_river_mountain_fall_074621.jpg,campus_river_mountain_fall,autumn_to_winter,"black jacket, pink knit, white cardigan, brown jacket, fleece hoodie","campus/residential streets, riverside, lake, mountains",portrait_to_full_body
78,eunbi_078_campus_river_mountain_fall_074628,base_images/eunbi/스크린샷 2026-05-20 오후 7.46.28.png,characters/woongbbi/eunbi/source_images/eunbi_078_campus_river_mountain_fall_074628.jpg,campus_river_mountain_fall,autumn_to_winter,"black jacket, pink knit, white cardigan, brown jacket, fleece hoodie","campus/residential streets, riverside, lake, mountains",portrait_to_full_body
79,eunbi_079_campus_river_mountain_fall_074634,base_images/eunbi/스크린샷 2026-05-20 오후 7.46.34.png,characters/woongbbi/eunbi/source_images/eunbi_079_campus_river_mountain_fall_074634.jpg,campus_river_mountain_fall,autumn_to_winter,"black jacket, pink knit, white cardigan, brown jacket, fleece hoodie","campus/residential streets, riverside, lake, mountains",portrait_to_full_body
80,eunbi_080_campus_river_mountain_fall_074641,base_images/eunbi/스크린샷 2026-05-20 오후 7.46.41.png,characters/woongbbi/eunbi/source_images/eunbi_080_campus_river_mountain_fall_074641.jpg,campus_river_mountain_fall,autumn_to_winter,"black jacket, pink knit, white cardigan, brown jacket, fleece hoodie","campus/residential streets, riverside, lake, mountains",portrait_to_full_body
81,eunbi_081_campus_river_mountain_fall_074647,base_images/eunbi/스크린샷 2026-05-20 오후 7.46.47.png,characters/woongbbi/eunbi/source_images/eunbi_081_campus_river_mountain_fall_074647.jpg,campus_river_mountain_fall,autumn_to_winter,"black jacket, pink knit, white cardigan, brown jacket, fleece hoodie","campus/residential streets, riverside, lake, mountains",portrait_to_full_body
82,eunbi_082_campus_river_mountain_fall_074654,base_images/eunbi/스크린샷 2026-05-20 오후 7.46.54.png,characters/woongbbi/eunbi/source_images/eunbi_082_campus_river_mountain_fall_074654.jpg,campus_river_mountain_fall,autumn_to_winter,"black jacket, pink knit, white cardigan, brown jacket, fleece hoodie","campus/residential streets, riverside, lake, mountains",portrait_to_full_body
83,eunbi_083_campus_river_mountain_fall_074709,base_images/eunbi/스크린샷 2026-05-20 오후 7.47.09.png,characters/woongbbi/eunbi/source_images/eunbi_083_campus_river_mountain_fall_074709.jpg,campus_river_mountain_fall,autumn_to_winter,"black jacket, pink knit, white cardigan, brown jacket, fleece hoodie","campus/residential streets, riverside, lake, mountains",portrait_to_full_body
84,eunbi_084_campus_river_mountain_fall_074716,base_images/eunbi/스크린샷 2026-05-20 오후 7.47.16.png,characters/woongbbi/eunbi/source_images/eunbi_084_campus_river_mountain_fall_074716.jpg,campus_river_mountain_fall,autumn_to_winter,"black jacket, pink knit, white cardigan, brown jacket, fleece hoodie","campus/residential streets, riverside, lake, mountains",portrait_to_full_body
85,eunbi_085_campus_river_mountain_fall_074721,base_images/eunbi/스크린샷 2026-05-20 오후 7.47.21.png,characters/woongbbi/eunbi/source_images/eunbi_085_campus_river_mountain_fall_074721.jpg,campus_river_mountain_fall,autumn_to_winter,"black jacket, pink knit, white cardigan, brown jacket, fleece hoodie","campus/residential streets, riverside, lake, mountains",portrait_to_full_body
86,eunbi_086_campus_river_mountain_fall_074732,base_images/eunbi/스크린샷 2026-05-20 오후 7.47.32.png,characters/woongbbi/eunbi/source_images/eunbi_086_campus_river_mountain_fall_074732.jpg,campus_river_mountain_fall,autumn_to_winter,"black jacket, pink knit, white cardigan, brown jacket, fleece hoodie","campus/residential streets, riverside, lake, mountains",portrait_to_full_body
87,eunbi_087_campus_river_mountain_fall_074739,base_images/eunbi/스크린샷 2026-05-20 오후 7.47.39.png,characters/woongbbi/eunbi/source_images/eunbi_087_campus_river_mountain_fall_074739.jpg,campus_river_mountain_fall,autumn_to_winter,"black jacket, pink knit, white cardigan, brown jacket, fleece hoodie","campus/residential streets, riverside, lake, mountains",portrait_to_full_body
88,eunbi_088_campus_river_mountain_fall_074756,base_images/eunbi/스크린샷 2026-05-20 오후 7.47.56.png,characters/woongbbi/eunbi/source_images/eunbi_088_campus_river_mountain_fall_074756.jpg,campus_river_mountain_fall,autumn_to_winter,"black jacket, pink knit, white cardigan, brown jacket, fleece hoodie","campus/residential streets, riverside, lake, mountains",portrait_to_full_body
89,eunbi_089_campus_river_mountain_fall_074802,base_images/eunbi/스크린샷 2026-05-20 오후 7.48.02.png,characters/woongbbi/eunbi/source_images/eunbi_089_campus_river_mountain_fall_074802.jpg,campus_river_mountain_fall,autumn_to_winter,"black jacket, pink knit, white cardigan, brown jacket, fleece hoodie","campus/residential streets, riverside, lake, mountains",portrait_to_full_body
90,eunbi_090_snowy_mountain_lake_074814,base_images/eunbi/스크린샷 2026-05-20 오후 7.48.14.png,characters/woongbbi/eunbi/source_images/eunbi_090_snowy_mountain_lake_074814.jpg,snowy_mountain_lake,winter,"hoodie, puffer jacket, winter outerwear","snowy forest, mountain lake, alpine overlook",full_body_to_portrait
91,eunbi_091_snowy_mountain_lake_074821,base_images/eunbi/스크린샷 2026-05-20 오후 7.48.21.png,characters/woongbbi/eunbi/source_images/eunbi_091_snowy_mountain_lake_074821.jpg,snowy_mountain_lake,winter,"hoodie, puffer jacket, winter outerwear","snowy forest, mountain lake, alpine overlook",full_body_to_portrait
92,eunbi_092_snowy_mountain_lake_074837,base_images/eunbi/스크린샷 2026-05-20 오후 7.48.37.png,characters/woongbbi/eunbi/source_images/eunbi_092_snowy_mountain_lake_074837.jpg,snowy_mountain_lake,winter,"hoodie, puffer jacket, winter outerwear","snowy forest, mountain lake, alpine overlook",full_body_to_portrait
93,eunbi_093_snowy_mountain_lake_074843,base_images/eunbi/스크린샷 2026-05-20 오후 7.48.43.png,characters/woongbbi/eunbi/source_images/eunbi_093_snowy_mountain_lake_074843.jpg,snowy_mountain_lake,winter,"hoodie, puffer jacket, winter outerwear","snowy forest, mountain lake, alpine overlook",full_body_to_portrait
94,eunbi_094_snowy_mountain_lake_074851,base_images/eunbi/스크린샷 2026-05-20 오후 7.48.51.png,characters/woongbbi/eunbi/source_images/eunbi_094_snowy_mountain_lake_074851.jpg,snowy_mountain_lake,winter,"hoodie, puffer jacket, winter outerwear","snowy forest, mountain lake, alpine overlook",full_body_to_portrait
95,eunbi_095_snowy_mountain_lake_074857,base_images/eunbi/스크린샷 2026-05-20 오후 7.48.57.png,characters/woongbbi/eunbi/source_images/eunbi_095_snowy_mountain_lake_074857.jpg,snowy_mountain_lake,winter,"hoodie, puffer jacket, winter outerwear","snowy forest, mountain lake, alpine overlook",full_body_to_portrait
96,eunbi_096_snowy_mountain_lake_074903,base_images/eunbi/스크린샷 2026-05-20 오후 7.49.03.png,characters/woongbbi/eunbi/source_images/eunbi_096_snowy_mountain_lake_074903.jpg,snowy_mountain_lake,winter,"hoodie, puffer jacket, winter outerwear","snowy forest, mountain lake, alpine overlook",full_body_to_portrait
97,eunbi_097_snowy_mountain_lake_074914,base_images/eunbi/스크린샷 2026-05-20 오후 7.49.14.png,characters/woongbbi/eunbi/source_images/eunbi_097_snowy_mountain_lake_074914.jpg,snowy_mountain_lake,winter,"hoodie, puffer jacket, winter outerwear","snowy forest, mountain lake, alpine overlook",full_body_to_portrait
98,eunbi_098_snowy_mountain_lake_074921,base_images/eunbi/스크린샷 2026-05-20 오후 7.49.21.png,characters/woongbbi/eunbi/source_images/eunbi_098_snowy_mountain_lake_074921.jpg,snowy_mountain_lake,winter,"hoodie, puffer jacket, winter outerwear","snowy forest, mountain lake, alpine overlook",full_body_to_portrait
99,eunbi_099_snowy_mountain_lake_074927,base_images/eunbi/스크린샷 2026-05-20 오후 7.49.27.png,characters/woongbbi/eunbi/source_images/eunbi_099_snowy_mountain_lake_074927.jpg,snowy_mountain_lake,winter,"hoodie, puffer jacket, winter outerwear","snowy forest, mountain lake, alpine overlook",full_body_to_portrait
100,eunbi_100_snowy_mountain_lake_074935,base_images/eunbi/스크린샷 2026-05-20 오후 7.49.35.png,characters/woongbbi/eunbi/source_images/eunbi_100_snowy_mountain_lake_074935.jpg,snowy_mountain_lake,winter,"hoodie, puffer jacket, winter outerwear","snowy forest, mountain lake, alpine overlook",full_body_to_portrait
101,eunbi_101_snowy_mountain_lake_074946,base_images/eunbi/스크린샷 2026-05-20 오후 7.49.46.png,characters/woongbbi/eunbi/source_images/eunbi_101_snowy_mountain_lake_074946.jpg,snowy_mountain_lake,winter,"hoodie, puffer jacket, winter outerwear","snowy forest, mountain lake, alpine overlook",full_body_to_portrait
102,eunbi_102_swim_pool_freediving_074957,base_images/eunbi/스크린샷 2026-05-20 오후 7.49.57.png,characters/woongbbi/eunbi/source_images/eunbi_102_swim_pool_freediving_074957.jpg,swim_pool_freediving,summer,"one-piece swimsuit, bikini, swim cap, fins","indoor pool, beach, boat, underwater reef",full_body_underwater
103,eunbi_103_swim_pool_freediving_075004,base_images/eunbi/스크린샷 2026-05-20 오후 7.50.04.png,characters/woongbbi/eunbi/source_images/eunbi_103_swim_pool_freediving_075004.jpg,swim_pool_freediving,summer,"one-piece swimsuit, bikini, swim cap, fins","indoor pool, beach, boat, underwater reef",full_body_underwater
104,eunbi_104_swim_pool_freediving_075011,base_images/eunbi/스크린샷 2026-05-20 오후 7.50.11.png,characters/woongbbi/eunbi/source_images/eunbi_104_swim_pool_freediving_075011.jpg,swim_pool_freediving,summer,"one-piece swimsuit, bikini, swim cap, fins","indoor pool, beach, boat, underwater reef",full_body_underwater
105,eunbi_105_swim_pool_freediving_075017,base_images/eunbi/스크린샷 2026-05-20 오후 7.50.17.png,characters/woongbbi/eunbi/source_images/eunbi_105_swim_pool_freediving_075017.jpg,swim_pool_freediving,summer,"one-piece swimsuit, bikini, swim cap, fins","indoor pool, beach, boat, underwater reef",full_body_underwater
106,eunbi_106_swim_pool_freediving_075024,base_images/eunbi/스크린샷 2026-05-20 오후 7.50.24.png,characters/woongbbi/eunbi/source_images/eunbi_106_swim_pool_freediving_075024.jpg,swim_pool_freediving,summer,"one-piece swimsuit, bikini, swim cap, fins","indoor pool, beach, boat, underwater reef",full_body_underwater
107,eunbi_107_swim_pool_freediving_075031,base_images/eunbi/스크린샷 2026-05-20 오후 7.50.31.png,characters/woongbbi/eunbi/source_images/eunbi_107_swim_pool_freediving_075031.jpg,swim_pool_freediving,summer,"one-piece swimsuit, bikini, swim cap, fins","indoor pool, beach, boat, underwater reef",full_body_underwater
108,eunbi_108_swim_pool_freediving_075039,base_images/eunbi/스크린샷 2026-05-20 오후 7.50.39.png,characters/woongbbi/eunbi/source_images/eunbi_108_swim_pool_freediving_075039.jpg,swim_pool_freediving,summer,"one-piece swimsuit, bikini, swim cap, fins","indoor pool, beach, boat, underwater reef",full_body_underwater
109,eunbi_109_swim_pool_freediving_075046,base_images/eunbi/스크린샷 2026-05-20 오후 7.50.46.png,characters/woongbbi/eunbi/source_images/eunbi_109_swim_pool_freediving_075046.jpg,swim_pool_freediving,summer,"one-piece swimsuit, bikini, swim cap, fins","indoor pool, beach, boat, underwater reef",full_body_underwater
110,eunbi_110_swim_pool_freediving_075055,base_images/eunbi/스크린샷 2026-05-20 오후 7.50.55.png,characters/woongbbi/eunbi/source_images/eunbi_110_swim_pool_freediving_075055.jpg,swim_pool_freediving,summer,"one-piece swimsuit, bikini, swim cap, fins","indoor pool, beach, boat, underwater reef",full_body_underwater
111,eunbi_111_swim_pool_freediving_075106,base_images/eunbi/스크린샷 2026-05-20 오후 7.51.06.png,characters/woongbbi/eunbi/source_images/eunbi_111_swim_pool_freediving_075106.jpg,swim_pool_freediving,summer,"one-piece swimsuit, bikini, swim cap, fins","indoor pool, beach, boat, underwater reef",full_body_underwater
112,eunbi_112_swim_pool_freediving_075112,base_images/eunbi/스크린샷 2026-05-20 오후 7.51.12.png,characters/woongbbi/eunbi/source_images/eunbi_112_swim_pool_freediving_075112.jpg,swim_pool_freediving,summer,"one-piece swimsuit, bikini, swim cap, fins","indoor pool, beach, boat, underwater reef",full_body_underwater
113,eunbi_113_swim_pool_freediving_075118,base_images/eunbi/스크린샷 2026-05-20 오후 7.51.18.png,characters/woongbbi/eunbi/source_images/eunbi_113_swim_pool_freediving_075118.jpg,swim_pool_freediving,summer,"one-piece swimsuit, bikini, swim cap, fins","indoor pool, beach, boat, underwater reef",full_body_underwater
114,eunbi_114_swim_pool_freediving_075125,base_images/eunbi/스크린샷 2026-05-20 오후 7.51.25.png,characters/woongbbi/eunbi/source_images/eunbi_114_swim_pool_freediving_075125.jpg,swim_pool_freediving,summer,"one-piece swimsuit, bikini, swim cap, fins","indoor pool, beach, boat, underwater reef",full_body_underwater
115,eunbi_115_swim_pool_freediving_075131,base_images/eunbi/스크린샷 2026-05-20 오후 7.51.31.png,characters/woongbbi/eunbi/source_images/eunbi_115_swim_pool_freediving_075131.jpg,swim_pool_freediving,summer,"one-piece swimsuit, bikini, swim cap, fins","indoor pool, beach, boat, underwater reef",full_body_underwater
116,eunbi_116_swim_pool_freediving_075137,base_images/eunbi/스크린샷 2026-05-20 오후 7.51.37.png,characters/woongbbi/eunbi/source_images/eunbi_116_swim_pool_freediving_075137.jpg,swim_pool_freediving,summer,"one-piece swimsuit, bikini, swim cap, fins","indoor pool, beach, boat, underwater reef",full_body_underwater
117,eunbi_117_swim_pool_freediving_075144,base_images/eunbi/스크린샷 2026-05-20 오후 7.51.44.png,characters/woongbbi/eunbi/source_images/eunbi_117_swim_pool_freediving_075144.jpg,swim_pool_freediving,summer,"one-piece swimsuit, bikini, swim cap, fins","indoor pool, beach, boat, underwater reef",full_body_underwater
118,eunbi_118_swim_pool_freediving_075149,base_images/eunbi/스크린샷 2026-05-20 오후 7.51.49.png,characters/woongbbi/eunbi/source_images/eunbi_118_swim_pool_freediving_075149.jpg,swim_pool_freediving,summer,"one-piece swimsuit, bikini, swim cap, fins","indoor pool, beach, boat, underwater reef",full_body_underwater
119,eunbi_119_swim_pool_freediving_075155,base_images/eunbi/스크린샷 2026-05-20 오후 7.51.55.png,characters/woongbbi/eunbi/source_images/eunbi_119_swim_pool_freediving_075155.jpg,swim_pool_freediving,summer,"one-piece swimsuit, bikini, swim cap, fins","indoor pool, beach, boat, underwater reef",full_body_underwater
120,eunbi_120_swim_pool_freediving_075200,base_images/eunbi/스크린샷 2026-05-20 오후 7.52.00.png,characters/woongbbi/eunbi/source_images/eunbi_120_swim_pool_freediving_075200.jpg,swim_pool_freediving,summer,"one-piece swimsuit, bikini, swim cap, fins","indoor pool, beach, boat, underwater reef",full_body_underwater
121,eunbi_121_swim_pool_freediving_075205,base_images/eunbi/스크린샷 2026-05-20 오후 7.52.05.png,characters/woongbbi/eunbi/source_images/eunbi_121_swim_pool_freediving_075205.jpg,swim_pool_freediving,summer,"one-piece swimsuit, bikini, swim cap, fins","indoor pool, beach, boat, underwater reef",full_body_underwater
122,eunbi_122_swim_pool_freediving_075211,base_images/eunbi/스크린샷 2026-05-20 오후 7.52.11.png,characters/woongbbi/eunbi/source_images/eunbi_122_swim_pool_freediving_075211.jpg,swim_pool_freediving,summer,"one-piece swimsuit, bikini, swim cap, fins","indoor pool, beach, boat, underwater reef",full_body_underwater
123,eunbi_123_food_travel_london_garden_075350,base_images/eunbi/스크린샷 2026-05-20 오후 7.53.50.png,characters/woongbbi/eunbi/source_images/eunbi_123_food_travel_london_garden_075350.jpg,food_travel_london_garden,summer_to_winter,"black dress, white summer dress, black coat, knit top","cafe, train, garden, temple, London bridge, restaurant",portrait_to_full_body
124,eunbi_124_food_travel_london_garden_075404,base_images/eunbi/스크린샷 2026-05-20 오후 7.54.04.png,characters/woongbbi/eunbi/source_images/eunbi_124_food_travel_london_garden_075404.jpg,food_travel_london_garden,summer_to_winter,"black dress, white summer dress, black coat, knit top","cafe, train, garden, temple, London bridge, restaurant",portrait_to_full_body
125,eunbi_125_food_travel_london_garden_075442,base_images/eunbi/스크린샷 2026-05-20 오후 7.54.42.png,characters/woongbbi/eunbi/source_images/eunbi_125_food_travel_london_garden_075442.jpg,food_travel_london_garden,summer_to_winter,"black dress, white summer dress, black coat, knit top","cafe, train, garden, temple, London bridge, restaurant",portrait_to_full_body
126,eunbi_126_food_travel_london_garden_075450,base_images/eunbi/스크린샷 2026-05-20 오후 7.54.50.png,characters/woongbbi/eunbi/source_images/eunbi_126_food_travel_london_garden_075450.jpg,food_travel_london_garden,summer_to_winter,"black dress, white summer dress, black coat, knit top","cafe, train, garden, temple, London bridge, restaurant",portrait_to_full_body
127,eunbi_127_food_travel_london_garden_075457,base_images/eunbi/스크린샷 2026-05-20 오후 7.54.57.png,characters/woongbbi/eunbi/source_images/eunbi_127_food_travel_london_garden_075457.jpg,food_travel_london_garden,summer_to_winter,"black dress, white summer dress, black coat, knit top","cafe, train, garden, temple, London bridge, restaurant",portrait_to_full_body
128,eunbi_128_food_travel_london_garden_075505,base_images/eunbi/스크린샷 2026-05-20 오후 7.55.05.png,characters/woongbbi/eunbi/source_images/eunbi_128_food_travel_london_garden_075505.jpg,food_travel_london_garden,summer_to_winter,"black dress, white summer dress, black coat, knit top","cafe, train, garden, temple, London bridge, restaurant",portrait_to_full_body
129,eunbi_129_food_travel_london_garden_075516,base_images/eunbi/스크린샷 2026-05-20 오후 7.55.16.png,characters/woongbbi/eunbi/source_images/eunbi_129_food_travel_london_garden_075516.jpg,food_travel_london_garden,summer_to_winter,"black dress, white summer dress, black coat, knit top","cafe, train, garden, temple, London bridge, restaurant",portrait_to_full_body
130,eunbi_130_food_travel_london_garden_075523,base_images/eunbi/스크린샷 2026-05-20 오후 7.55.23.png,characters/woongbbi/eunbi/source_images/eunbi_130_food_travel_london_garden_075523.jpg,food_travel_london_garden,summer_to_winter,"black dress, white summer dress, black coat, knit top","cafe, train, garden, temple, London bridge, restaurant",portrait_to_full_body
131,eunbi_131_food_travel_london_garden_075530,base_images/eunbi/스크린샷 2026-05-20 오후 7.55.30.png,characters/woongbbi/eunbi/source_images/eunbi_131_food_travel_london_garden_075530.jpg,food_travel_london_garden,summer_to_winter,"black dress, white summer dress, black coat, knit top","cafe, train, garden, temple, London bridge, restaurant",portrait_to_full_body
132,eunbi_132_food_travel_london_garden_075542,base_images/eunbi/스크린샷 2026-05-20 오후 7.55.42.png,characters/woongbbi/eunbi/source_images/eunbi_132_food_travel_london_garden_075542.jpg,food_travel_london_garden,summer_to_winter,"black dress, white summer dress, black coat, knit top","cafe, train, garden, temple, London bridge, restaurant",portrait_to_full_body
133,eunbi_133_food_travel_london_garden_075549,base_images/eunbi/스크린샷 2026-05-20 오후 7.55.49.png,characters/woongbbi/eunbi/source_images/eunbi_133_food_travel_london_garden_075549.jpg,food_travel_london_garden,summer_to_winter,"black dress, white summer dress, black coat, knit top","cafe, train, garden, temple, London bridge, restaurant",portrait_to_full_body
134,eunbi_134_food_travel_london_garden_075559,base_images/eunbi/스크린샷 2026-05-20 오후 7.55.59.png,characters/woongbbi/eunbi/source_images/eunbi_134_food_travel_london_garden_075559.jpg,food_travel_london_garden,summer_to_winter,"black dress, white summer dress, black coat, knit top","cafe, train, garden, temple, London bridge, restaurant",portrait_to_full_body
135,eunbi_135_food_travel_london_garden_075606,base_images/eunbi/스크린샷 2026-05-20 오후 7.56.06.png,characters/woongbbi/eunbi/source_images/eunbi_135_food_travel_london_garden_075606.jpg,food_travel_london_garden,summer_to_winter,"black dress, white summer dress, black coat, knit top","cafe, train, garden, temple, London bridge, restaurant",portrait_to_full_body
136,eunbi_136_food_travel_london_garden_075617,base_images/eunbi/스크린샷 2026-05-20 오후 7.56.17.png,characters/woongbbi/eunbi/source_images/eunbi_136_food_travel_london_garden_075617.jpg,food_travel_london_garden,summer_to_winter,"black dress, white summer dress, black coat, knit top","cafe, train, garden, temple, London bridge, restaurant",portrait_to_full_body
137,eunbi_137_food_travel_london_garden_075624,base_images/eunbi/스크린샷 2026-05-20 오후 7.56.24.png,characters/woongbbi/eunbi/source_images/eunbi_137_food_travel_london_garden_075624.jpg,food_travel_london_garden,summer_to_winter,"black dress, white summer dress, black coat, knit top","cafe, train, garden, temple, London bridge, restaurant",portrait_to_full_body
138,eunbi_138_food_travel_london_garden_075632,base_images/eunbi/스크린샷 2026-05-20 오후 7.56.32.png,characters/woongbbi/eunbi/source_images/eunbi_138_food_travel_london_garden_075632.jpg,food_travel_london_garden,summer_to_winter,"black dress, white summer dress, black coat, knit top","cafe, train, garden, temple, London bridge, restaurant",portrait_to_full_body
139,eunbi_139_food_travel_london_garden_075639,base_images/eunbi/스크린샷 2026-05-20 오후 7.56.39.png,characters/woongbbi/eunbi/source_images/eunbi_139_food_travel_london_garden_075639.jpg,food_travel_london_garden,summer_to_winter,"black dress, white summer dress, black coat, knit top","cafe, train, garden, temple, London bridge, restaurant",portrait_to_full_body
140,eunbi_140_food_travel_london_garden_075648,base_images/eunbi/스크린샷 2026-05-20 오후 7.56.48.png,characters/woongbbi/eunbi/source_images/eunbi_140_food_travel_london_garden_075648.jpg,food_travel_london_garden,summer_to_winter,"black dress, white summer dress, black coat, knit top","cafe, train, garden, temple, London bridge, restaurant",portrait_to_full_body
141,eunbi_141_food_travel_london_garden_075654,base_images/eunbi/스크린샷 2026-05-20 오후 7.56.54.png,characters/woongbbi/eunbi/source_images/eunbi_141_food_travel_london_garden_075654.jpg,food_travel_london_garden,summer_to_winter,"black dress, white summer dress, black coat, knit top","cafe, train, garden, temple, London bridge, restaurant",portrait_to_full_body
142,eunbi_142_food_travel_london_garden_075700,base_images/eunbi/스크린샷 2026-05-20 오후 7.57.00.png,characters/woongbbi/eunbi/source_images/eunbi_142_food_travel_london_garden_075700.jpg,food_travel_london_garden,summer_to_winter,"black dress, white summer dress, black coat, knit top","cafe, train, garden, temple, London bridge, restaurant",portrait_to_full_body
143,eunbi_143_food_travel_london_garden_075715,base_images/eunbi/스크린샷 2026-05-20 오후 7.57.15.png,characters/woongbbi/eunbi/source_images/eunbi_143_food_travel_london_garden_075715.jpg,food_travel_london_garden,summer_to_winter,"black dress, white summer dress, black coat, knit top","cafe, train, garden, temple, London bridge, restaurant",portrait_to_full_body
144,eunbi_144_food_travel_london_garden_075722,base_images/eunbi/스크린샷 2026-05-20 오후 7.57.22.png,characters/woongbbi/eunbi/source_images/eunbi_144_food_travel_london_garden_075722.jpg,food_travel_london_garden,summer_to_winter,"black dress, white summer dress, black coat, knit top","cafe, train, garden, temple, London bridge, restaurant",portrait_to_full_body
145,eunbi_145_food_travel_london_garden_075749,base_images/eunbi/스크린샷 2026-05-20 오후 7.57.49.png,characters/woongbbi/eunbi/source_images/eunbi_145_food_travel_london_garden_075749.jpg,food_travel_london_garden,summer_to_winter,"black dress, white summer dress, black coat, knit top","cafe, train, garden, temple, London bridge, restaurant",portrait_to_full_body
146,eunbi_146_food_travel_london_garden_075756,base_images/eunbi/스크린샷 2026-05-20 오후 7.57.56.png,characters/woongbbi/eunbi/source_images/eunbi_146_food_travel_london_garden_075756.jpg,food_travel_london_garden,summer_to_winter,"black dress, white summer dress, black coat, knit top","cafe, train, garden, temple, London bridge, restaurant",portrait_to_full_body
147,eunbi_147_food_travel_london_garden_075812,base_images/eunbi/스크린샷 2026-05-20 오후 7.58.12.png,characters/woongbbi/eunbi/source_images/eunbi_147_food_travel_london_garden_075812.jpg,food_travel_london_garden,summer_to_winter,"black dress, white summer dress, black coat, knit top","cafe, train, garden, temple, London bridge, restaurant",portrait_to_full_body
148,eunbi_148_food_travel_london_garden_075819,base_images/eunbi/스크린샷 2026-05-20 오후 7.58.19.png,characters/woongbbi/eunbi/source_images/eunbi_148_food_travel_london_garden_075819.jpg,food_travel_london_garden,summer_to_winter,"black dress, white summer dress, black coat, knit top","cafe, train, garden, temple, London bridge, restaurant",portrait_to_full_body
149,eunbi_149_gym_running_beach_play_075829,base_images/eunbi/스크린샷 2026-05-20 오후 7.58.29.png,characters/woongbbi/eunbi/source_images/eunbi_149_gym_running_beach_play_075829.jpg,gym_running_beach_play,summer,"sports bra, shorts, rash guard, black swimsuit","gym, night running route, beach",full_body
150,eunbi_150_gym_running_beach_play_075842,base_images/eunbi/스크린샷 2026-05-20 오후 7.58.42.png,characters/woongbbi/eunbi/source_images/eunbi_150_gym_running_beach_play_075842.jpg,gym_running_beach_play,summer,"sports bra, shorts, rash guard, black swimsuit","gym, night running route, beach",full_body
151,eunbi_151_gym_running_beach_play_075848,base_images/eunbi/스크린샷 2026-05-20 오후 7.58.48.png,characters/woongbbi/eunbi/source_images/eunbi_151_gym_running_beach_play_075848.jpg,gym_running_beach_play,summer,"sports bra, shorts, rash guard, black swimsuit","gym, night running route, beach",full_body
152,eunbi_152_gym_running_beach_play_075855,base_images/eunbi/스크린샷 2026-05-20 오후 7.58.55.png,characters/woongbbi/eunbi/source_images/eunbi_152_gym_running_beach_play_075855.jpg,gym_running_beach_play,summer,"sports bra, shorts, rash guard, black swimsuit","gym, night running route, beach",full_body
153,eunbi_153_gym_running_beach_play_075903,base_images/eunbi/스크린샷 2026-05-20 오후 7.59.03.png,characters/woongbbi/eunbi/source_images/eunbi_153_gym_running_beach_play_075903.jpg,gym_running_beach_play,summer,"sports bra, shorts, rash guard, black swimsuit","gym, night running route, beach",full_body
154,eunbi_154_gym_running_beach_play_075911,base_images/eunbi/스크린샷 2026-05-20 오후 7.59.11.png,characters/woongbbi/eunbi/source_images/eunbi_154_gym_running_beach_play_075911.jpg,gym_running_beach_play,summer,"sports bra, shorts, rash guard, black swimsuit","gym, night running route, beach",full_body
155,eunbi_155_gym_running_beach_play_075920,base_images/eunbi/스크린샷 2026-05-20 오후 7.59.20.png,characters/woongbbi/eunbi/source_images/eunbi_155_gym_running_beach_play_075920.jpg,gym_running_beach_play,summer,"sports bra, shorts, rash guard, black swimsuit","gym, night running route, beach",full_body
156,eunbi_156_gym_running_beach_play_075927,base_images/eunbi/스크린샷 2026-05-20 오후 7.59.27.png,characters/woongbbi/eunbi/source_images/eunbi_156_gym_running_beach_play_075927.jpg,gym_running_beach_play,summer,"sports bra, shorts, rash guard, black swimsuit","gym, night running route, beach",full_body
157,eunbi_157_gym_running_beach_play_075936,base_images/eunbi/스크린샷 2026-05-20 오후 7.59.36.png,characters/woongbbi/eunbi/source_images/eunbi_157_gym_running_beach_play_075936.jpg,gym_running_beach_play,summer,"sports bra, shorts, rash guard, black swimsuit","gym, night running route, beach",full_body
158,eunbi_158_gym_running_beach_play_075944,base_images/eunbi/스크린샷 2026-05-20 오후 7.59.44.png,characters/woongbbi/eunbi/source_images/eunbi_158_gym_running_beach_play_075944.jpg,gym_running_beach_play,summer,"sports bra, shorts, rash guard, black swimsuit","gym, night running route, beach",full_body
159,eunbi_159_gym_running_beach_play_075950,base_images/eunbi/스크린샷 2026-05-20 오후 7.59.50.png,characters/woongbbi/eunbi/source_images/eunbi_159_gym_running_beach_play_075950.jpg,gym_running_beach_play,summer,"sports bra, shorts, rash guard, black swimsuit","gym, night running route, beach",full_body
160,eunbi_160_gym_running_beach_play_075959,base_images/eunbi/스크린샷 2026-05-20 오후 7.59.59.png,characters/woongbbi/eunbi/source_images/eunbi_160_gym_running_beach_play_075959.jpg,gym_running_beach_play,summer,"sports bra, shorts, rash guard, black swimsuit","gym, night running route, beach",full_body
161,eunbi_161_dining_autumn_city_casual_080009,base_images/eunbi/스크린샷 2026-05-20 오후 8.00.09.png,characters/woongbbi/eunbi/source_images/eunbi_161_dining_autumn_city_casual_080009.jpg,dining_autumn_city_casual,autumn,"dark blouse, red sleeveless knit, hoodie, leather jacket, sunglasses","restaurant, riverside, street, park",portrait_to_full_body
162,eunbi_162_dining_autumn_city_casual_080016,base_images/eunbi/스크린샷 2026-05-20 오후 8.00.16.png,characters/woongbbi/eunbi/source_images/eunbi_162_dining_autumn_city_casual_080016.jpg,dining_autumn_city_casual,autumn,"dark blouse, red sleeveless knit, hoodie, leather jacket, sunglasses","restaurant, riverside, street, park",portrait_to_full_body
163,eunbi_163_dining_autumn_city_casual_080023,base_images/eunbi/스크린샷 2026-05-20 오후 8.00.23.png,characters/woongbbi/eunbi/source_images/eunbi_163_dining_autumn_city_casual_080023.jpg,dining_autumn_city_casual,autumn,"dark blouse, red sleeveless knit, hoodie, leather jacket, sunglasses","restaurant, riverside, street, park",portrait_to_full_body
164,eunbi_164_dining_autumn_city_casual_080034,base_images/eunbi/스크린샷 2026-05-20 오후 8.00.34.png,characters/woongbbi/eunbi/source_images/eunbi_164_dining_autumn_city_casual_080034.jpg,dining_autumn_city_casual,autumn,"dark blouse, red sleeveless knit, hoodie, leather jacket, sunglasses","restaurant, riverside, street, park",portrait_to_full_body
165,eunbi_165_dining_autumn_city_casual_080041,base_images/eunbi/스크린샷 2026-05-20 오후 8.00.41.png,characters/woongbbi/eunbi/source_images/eunbi_165_dining_autumn_city_casual_080041.jpg,dining_autumn_city_casual,autumn,"dark blouse, red sleeveless knit, hoodie, leather jacket, sunglasses","restaurant, riverside, street, park",portrait_to_full_body
166,eunbi_166_dining_autumn_city_casual_080049,base_images/eunbi/스크린샷 2026-05-20 오후 8.00.49.png,characters/woongbbi/eunbi/source_images/eunbi_166_dining_autumn_city_casual_080049.jpg,dining_autumn_city_casual,autumn,"dark blouse, red sleeveless knit, hoodie, leather jacket, sunglasses","restaurant, riverside, street, park",portrait_to_full_body
167,eunbi_167_dining_autumn_city_casual_080100,base_images/eunbi/스크린샷 2026-05-20 오후 8.01.00.png,characters/woongbbi/eunbi/source_images/eunbi_167_dining_autumn_city_casual_080100.jpg,dining_autumn_city_casual,autumn,"dark blouse, red sleeveless knit, hoodie, leather jacket, sunglasses","restaurant, riverside, street, park",portrait_to_full_body
168,eunbi_168_dining_autumn_city_casual_080106,base_images/eunbi/스크린샷 2026-05-20 오후 8.01.06.png,characters/woongbbi/eunbi/source_images/eunbi_168_dining_autumn_city_casual_080106.jpg,dining_autumn_city_casual,autumn,"dark blouse, red sleeveless knit, hoodie, leather jacket, sunglasses","restaurant, riverside, street, park",portrait_to_full_body
169,eunbi_169_dining_autumn_city_casual_080112,base_images/eunbi/스크린샷 2026-05-20 오후 8.01.12.png,characters/woongbbi/eunbi/source_images/eunbi_169_dining_autumn_city_casual_080112.jpg,dining_autumn_city_casual,autumn,"dark blouse, red sleeveless knit, hoodie, leather jacket, sunglasses","restaurant, riverside, street, park",portrait_to_full_body
170,eunbi_170_dining_autumn_city_casual_080126,base_images/eunbi/스크린샷 2026-05-20 오후 8.01.26.png,characters/woongbbi/eunbi/source_images/eunbi_170_dining_autumn_city_casual_080126.jpg,dining_autumn_city_casual,autumn,"dark blouse, red sleeveless knit, hoodie, leather jacket, sunglasses","restaurant, riverside, street, park",portrait_to_full_body
171,eunbi_171_dining_autumn_city_casual_080133,base_images/eunbi/스크린샷 2026-05-20 오후 8.01.33.png,characters/woongbbi/eunbi/source_images/eunbi_171_dining_autumn_city_casual_080133.jpg,dining_autumn_city_casual,autumn,"dark blouse, red sleeveless knit, hoodie, leather jacket, sunglasses","restaurant, riverside, street, park",portrait_to_full_body
172,eunbi_172_dining_autumn_city_casual_080144,base_images/eunbi/스크린샷 2026-05-20 오후 8.01.44.png,characters/woongbbi/eunbi/source_images/eunbi_172_dining_autumn_city_casual_080144.jpg,dining_autumn_city_casual,autumn,"dark blouse, red sleeveless knit, hoodie, leather jacket, sunglasses","restaurant, riverside, street, park",portrait_to_full_body
173,eunbi_173_dining_autumn_city_casual_080152,base_images/eunbi/스크린샷 2026-05-20 오후 8.01.52.png,characters/woongbbi/eunbi/source_images/eunbi_173_dining_autumn_city_casual_080152.jpg,dining_autumn_city_casual,autumn,"dark blouse, red sleeveless knit, hoodie, leather jacket, sunglasses","restaurant, riverside, street, park",portrait_to_full_body
174,eunbi_174_dining_autumn_city_casual_080158,base_images/eunbi/스크린샷 2026-05-20 오후 8.01.58.png,characters/woongbbi/eunbi/source_images/eunbi_174_dining_autumn_city_casual_080158.jpg,dining_autumn_city_casual,autumn,"dark blouse, red sleeveless knit, hoodie, leather jacket, sunglasses","restaurant, riverside, street, park",portrait_to_full_body
175,eunbi_175_dining_autumn_city_casual_080208,base_images/eunbi/스크린샷 2026-05-20 오후 8.02.08.png,characters/woongbbi/eunbi/source_images/eunbi_175_dining_autumn_city_casual_080208.jpg,dining_autumn_city_casual,autumn,"dark blouse, red sleeveless knit, hoodie, leather jacket, sunglasses","restaurant, riverside, street, park",portrait_to_full_body
176,eunbi_176_dining_autumn_city_casual_080214,base_images/eunbi/스크린샷 2026-05-20 오후 8.02.14.png,characters/woongbbi/eunbi/source_images/eunbi_176_dining_autumn_city_casual_080214.jpg,dining_autumn_city_casual,autumn,"dark blouse, red sleeveless knit, hoodie, leather jacket, sunglasses","restaurant, riverside, street, park",portrait_to_full_body
177,eunbi_177_dining_autumn_city_casual_080222,base_images/eunbi/스크린샷 2026-05-20 오후 8.02.22.png,characters/woongbbi/eunbi/source_images/eunbi_177_dining_autumn_city_casual_080222.jpg,dining_autumn_city_casual,autumn,"dark blouse, red sleeveless knit, hoodie, leather jacket, sunglasses","restaurant, riverside, street, park",portrait_to_full_body
178,eunbi_178_dining_autumn_city_casual_080229,base_images/eunbi/스크린샷 2026-05-20 오후 8.02.29.png,characters/woongbbi/eunbi/source_images/eunbi_178_dining_autumn_city_casual_080229.jpg,dining_autumn_city_casual,autumn,"dark blouse, red sleeveless knit, hoodie, leather jacket, sunglasses","restaurant, riverside, street, park",portrait_to_full_body
179,eunbi_179_campus_winter_bookstore_sports_shop_080239,base_images/eunbi/스크린샷 2026-05-20 오후 8.02.39.png,characters/woongbbi/eunbi/source_images/eunbi_179_campus_winter_bookstore_sports_shop_080239.jpg,campus_winter_bookstore_sports_shop,winter,"pink sweatshirt, quilted coat, fuzzy coat, beanie, gray/black sportswear","campus, fitting room, observatory, bookstore, outdoor fire, sports shop",portrait_to_full_body
180,eunbi_180_campus_winter_bookstore_sports_shop_080245,base_images/eunbi/스크린샷 2026-05-20 오후 8.02.45.png,characters/woongbbi/eunbi/source_images/eunbi_180_campus_winter_bookstore_sports_shop_080245.jpg,campus_winter_bookstore_sports_shop,winter,"pink sweatshirt, quilted coat, fuzzy coat, beanie, gray/black sportswear","campus, fitting room, observatory, bookstore, outdoor fire, sports shop",portrait_to_full_body
181,eunbi_181_campus_winter_bookstore_sports_shop_080251,base_images/eunbi/스크린샷 2026-05-20 오후 8.02.51.png,characters/woongbbi/eunbi/source_images/eunbi_181_campus_winter_bookstore_sports_shop_080251.jpg,campus_winter_bookstore_sports_shop,winter,"pink sweatshirt, quilted coat, fuzzy coat, beanie, gray/black sportswear","campus, fitting room, observatory, bookstore, outdoor fire, sports shop",portrait_to_full_body
182,eunbi_182_campus_winter_bookstore_sports_shop_080258,base_images/eunbi/스크린샷 2026-05-20 오후 8.02.58.png,characters/woongbbi/eunbi/source_images/eunbi_182_campus_winter_bookstore_sports_shop_080258.jpg,campus_winter_bookstore_sports_shop,winter,"pink sweatshirt, quilted coat, fuzzy coat, beanie, gray/black sportswear","campus, fitting room, observatory, bookstore, outdoor fire, sports shop",portrait_to_full_body
183,eunbi_183_campus_winter_bookstore_sports_shop_080307,base_images/eunbi/스크린샷 2026-05-20 오후 8.03.07.png,characters/woongbbi/eunbi/source_images/eunbi_183_campus_winter_bookstore_sports_shop_080307.jpg,campus_winter_bookstore_sports_shop,winter,"pink sweatshirt, quilted coat, fuzzy coat, beanie, gray/black sportswear","campus, fitting room, observatory, bookstore, outdoor fire, sports shop",portrait_to_full_body
184,eunbi_184_campus_winter_bookstore_sports_shop_080314,base_images/eunbi/스크린샷 2026-05-20 오후 8.03.14.png,characters/woongbbi/eunbi/source_images/eunbi_184_campus_winter_bookstore_sports_shop_080314.jpg,campus_winter_bookstore_sports_shop,winter,"pink sweatshirt, quilted coat, fuzzy coat, beanie, gray/black sportswear","campus, fitting room, observatory, bookstore, outdoor fire, sports shop",portrait_to_full_body
185,eunbi_185_campus_winter_bookstore_sports_shop_080327,base_images/eunbi/스크린샷 2026-05-20 오후 8.03.27.png,characters/woongbbi/eunbi/source_images/eunbi_185_campus_winter_bookstore_sports_shop_080327.jpg,campus_winter_bookstore_sports_shop,winter,"pink sweatshirt, quilted coat, fuzzy coat, beanie, gray/black sportswear","campus, fitting room, observatory, bookstore, outdoor fire, sports shop",portrait_to_full_body
186,eunbi_186_campus_winter_bookstore_sports_shop_080344,base_images/eunbi/스크린샷 2026-05-20 오후 8.03.44.png,characters/woongbbi/eunbi/source_images/eunbi_186_campus_winter_bookstore_sports_shop_080344.jpg,campus_winter_bookstore_sports_shop,winter,"pink sweatshirt, quilted coat, fuzzy coat, beanie, gray/black sportswear","campus, fitting room, observatory, bookstore, outdoor fire, sports shop",portrait_to_full_body
187,eunbi_187_campus_winter_bookstore_sports_shop_080349,base_images/eunbi/스크린샷 2026-05-20 오후 8.03.49.png,characters/woongbbi/eunbi/source_images/eunbi_187_campus_winter_bookstore_sports_shop_080349.jpg,campus_winter_bookstore_sports_shop,winter,"pink sweatshirt, quilted coat, fuzzy coat, beanie, gray/black sportswear","campus, fitting room, observatory, bookstore, outdoor fire, sports shop",portrait_to_full_body
188,eunbi_188_campus_winter_bookstore_sports_shop_080356,base_images/eunbi/스크린샷 2026-05-20 오후 8.03.56.png,characters/woongbbi/eunbi/source_images/eunbi_188_campus_winter_bookstore_sports_shop_080356.jpg,campus_winter_bookstore_sports_shop,winter,"pink sweatshirt, quilted coat, fuzzy coat, beanie, gray/black sportswear","campus, fitting room, observatory, bookstore, outdoor fire, sports shop",portrait_to_full_body
189,eunbi_189_campus_winter_bookstore_sports_shop_080406,base_images/eunbi/스크린샷 2026-05-20 오후 8.04.06.png,characters/woongbbi/eunbi/source_images/eunbi_189_campus_winter_bookstore_sports_shop_080406.jpg,campus_winter_bookstore_sports_shop,winter,"pink sweatshirt, quilted coat, fuzzy coat, beanie, gray/black sportswear","campus, fitting room, observatory, bookstore, outdoor fire, sports shop",portrait_to_full_body
190,eunbi_190_campus_winter_bookstore_sports_shop_080412,base_images/eunbi/스크린샷 2026-05-20 오후 8.04.12.png,characters/woongbbi/eunbi/source_images/eunbi_190_campus_winter_bookstore_sports_shop_080412.jpg,campus_winter_bookstore_sports_shop,winter,"pink sweatshirt, quilted coat, fuzzy coat, beanie, gray/black sportswear","campus, fitting room, observatory, bookstore, outdoor fire, sports shop",portrait_to_full_body
191,eunbi_191_campus_winter_bookstore_sports_shop_080419,base_images/eunbi/스크린샷 2026-05-20 오후 8.04.19.png,characters/woongbbi/eunbi/source_images/eunbi_191_campus_winter_bookstore_sports_shop_080419.jpg,campus_winter_bookstore_sports_shop,winter,"pink sweatshirt, quilted coat, fuzzy coat, beanie, gray/black sportswear","campus, fitting room, observatory, bookstore, outdoor fire, sports shop",portrait_to_full_body
192,eunbi_192_campus_winter_bookstore_sports_shop_080425,base_images/eunbi/스크린샷 2026-05-20 오후 8.04.25.png,characters/woongbbi/eunbi/source_images/eunbi_192_campus_winter_bookstore_sports_shop_080425.jpg,campus_winter_bookstore_sports_shop,winter,"pink sweatshirt, quilted coat, fuzzy coat, beanie, gray/black sportswear","campus, fitting room, observatory, bookstore, outdoor fire, sports shop",portrait_to_full_body
193,eunbi_193_campus_winter_bookstore_sports_shop_080437,base_images/eunbi/스크린샷 2026-05-20 오후 8.04.37.png,characters/woongbbi/eunbi/source_images/eunbi_193_campus_winter_bookstore_sports_shop_080437.jpg,campus_winter_bookstore_sports_shop,winter,"pink sweatshirt, quilted coat, fuzzy coat, beanie, gray/black sportswear","campus, fitting room, observatory, bookstore, outdoor fire, sports shop",portrait_to_full_body
194,eunbi_194_campus_winter_bookstore_sports_shop_080443,base_images/eunbi/스크린샷 2026-05-20 오후 8.04.43.png,characters/woongbbi/eunbi/source_images/eunbi_194_campus_winter_bookstore_sports_shop_080443.jpg,campus_winter_bookstore_sports_shop,winter,"pink sweatshirt, quilted coat, fuzzy coat, beanie, gray/black sportswear","campus, fitting room, observatory, bookstore, outdoor fire, sports shop",portrait_to_full_body
195,eunbi_195_campus_winter_bookstore_sports_shop_080452,base_images/eunbi/스크린샷 2026-05-20 오후 8.04.52.png,characters/woongbbi/eunbi/source_images/eunbi_195_campus_winter_bookstore_sports_shop_080452.jpg,campus_winter_bookstore_sports_shop,winter,"pink sweatshirt, quilted coat, fuzzy coat, beanie, gray/black sportswear","campus, fitting room, observatory, bookstore, outdoor fire, sports shop",portrait_to_full_body
196,eunbi_196_campus_winter_bookstore_sports_shop_080502,base_images/eunbi/스크린샷 2026-05-20 오후 8.05.02.png,characters/woongbbi/eunbi/source_images/eunbi_196_campus_winter_bookstore_sports_shop_080502.jpg,campus_winter_bookstore_sports_shop,winter,"pink sweatshirt, quilted coat, fuzzy coat, beanie, gray/black sportswear","campus, fitting room, observatory, bookstore, outdoor fire, sports shop",portrait_to_full_body
197,eunbi_197_campus_winter_bookstore_sports_shop_080509,base_images/eunbi/스크린샷 2026-05-20 오후 8.05.09.png,characters/woongbbi/eunbi/source_images/eunbi_197_campus_winter_bookstore_sports_shop_080509.jpg,campus_winter_bookstore_sports_shop,winter,"pink sweatshirt, quilted coat, fuzzy coat, beanie, gray/black sportswear","campus, fitting room, observatory, bookstore, outdoor fire, sports shop",portrait_to_full_body
198,eunbi_198_campus_winter_bookstore_sports_shop_080517,base_images/eunbi/스크린샷 2026-05-20 오후 8.05.17.png,characters/woongbbi/eunbi/source_images/eunbi_198_campus_winter_bookstore_sports_shop_080517.jpg,campus_winter_bookstore_sports_shop,winter,"pink sweatshirt, quilted coat, fuzzy coat, beanie, gray/black sportswear","campus, fitting room, observatory, bookstore, outdoor fire, sports shop",portrait_to_full_body
199,eunbi_199_campus_winter_bookstore_sports_shop_080524,base_images/eunbi/스크린샷 2026-05-20 오후 8.05.24.png,characters/woongbbi/eunbi/source_images/eunbi_199_campus_winter_bookstore_sports_shop_080524.jpg,campus_winter_bookstore_sports_shop,winter,"pink sweatshirt, quilted coat, fuzzy coat, beanie, gray/black sportswear","campus, fitting room, observatory, bookstore, outdoor fire, sports shop",portrait_to_full_body
200,eunbi_200_campus_winter_bookstore_sports_shop_080532,base_images/eunbi/스크린샷 2026-05-20 오후 8.05.32.png,characters/woongbbi/eunbi/source_images/eunbi_200_campus_winter_bookstore_sports_shop_080532.jpg,campus_winter_bookstore_sports_shop,winter,"pink sweatshirt, quilted coat, fuzzy coat, beanie, gray/black sportswear","campus, fitting room, observatory, bookstore, outdoor fire, sports shop",portrait_to_full_body
201,eunbi_201_cafe_mirror_fitting_room_080542,base_images/eunbi/스크린샷 2026-05-20 오후 8.05.42.png,characters/woongbbi/eunbi/source_images/eunbi_201_cafe_mirror_fitting_room_080542.jpg,cafe_mirror_fitting_room,spring_to_autumn,"black/cream fitted tops, gray pants, mini skirt, ankle boots","cafe, fitting room, indoor seating",portrait_to_full_body
202,eunbi_202_cafe_mirror_fitting_room_080554,base_images/eunbi/스크린샷 2026-05-20 오후 8.05.54.png,characters/woongbbi/eunbi/source_images/eunbi_202_cafe_mirror_fitting_room_080554.jpg,cafe_mirror_fitting_room,spring_to_autumn,"black/cream fitted tops, gray pants, mini skirt, ankle boots","cafe, fitting room, indoor seating",portrait_to_full_body
203,eunbi_203_cafe_mirror_fitting_room_080603,base_images/eunbi/스크린샷 2026-05-20 오후 8.06.03.png,characters/woongbbi/eunbi/source_images/eunbi_203_cafe_mirror_fitting_room_080603.jpg,cafe_mirror_fitting_room,spring_to_autumn,"black/cream fitted tops, gray pants, mini skirt, ankle boots","cafe, fitting room, indoor seating",portrait_to_full_body
204,eunbi_204_cafe_mirror_fitting_room_080612,base_images/eunbi/스크린샷 2026-05-20 오후 8.06.12.png,characters/woongbbi/eunbi/source_images/eunbi_204_cafe_mirror_fitting_room_080612.jpg,cafe_mirror_fitting_room,spring_to_autumn,"black/cream fitted tops, gray pants, mini skirt, ankle boots","cafe, fitting room, indoor seating",portrait_to_full_body
205,eunbi_205_cafe_mirror_fitting_room_080620,base_images/eunbi/스크린샷 2026-05-20 오후 8.06.20.png,characters/woongbbi/eunbi/source_images/eunbi_205_cafe_mirror_fitting_room_080620.jpg,cafe_mirror_fitting_room,spring_to_autumn,"black/cream fitted tops, gray pants, mini skirt, ankle boots","cafe, fitting room, indoor seating",portrait_to_full_body
206,eunbi_206_cafe_mirror_fitting_room_080628,base_images/eunbi/스크린샷 2026-05-20 오후 8.06.28.png,characters/woongbbi/eunbi/source_images/eunbi_206_cafe_mirror_fitting_room_080628.jpg,cafe_mirror_fitting_room,spring_to_autumn,"black/cream fitted tops, gray pants, mini skirt, ankle boots","cafe, fitting room, indoor seating",portrait_to_full_body
207,eunbi_207_cafe_mirror_fitting_room_080639,base_images/eunbi/스크린샷 2026-05-20 오후 8.06.39.png,characters/woongbbi/eunbi/source_images/eunbi_207_cafe_mirror_fitting_room_080639.jpg,cafe_mirror_fitting_room,spring_to_autumn,"black/cream fitted tops, gray pants, mini skirt, ankle boots","cafe, fitting room, indoor seating",portrait_to_full_body
208,eunbi_208_cafe_mirror_fitting_room_080657,base_images/eunbi/스크린샷 2026-05-20 오후 8.06.57.png,characters/woongbbi/eunbi/source_images/eunbi_208_cafe_mirror_fitting_room_080657.jpg,cafe_mirror_fitting_room,spring_to_autumn,"black/cream fitted tops, gray pants, mini skirt, ankle boots","cafe, fitting room, indoor seating",portrait_to_full_body
209,eunbi_209_cafe_mirror_fitting_room_080704,base_images/eunbi/스크린샷 2026-05-20 오후 8.07.04.png,characters/woongbbi/eunbi/source_images/eunbi_209_cafe_mirror_fitting_room_080704.jpg,cafe_mirror_fitting_room,spring_to_autumn,"black/cream fitted tops, gray pants, mini skirt, ankle boots","cafe, fitting room, indoor seating",portrait_to_full_body
210,eunbi_210_riverside_sporty_preppy_city_080712,base_images/eunbi/스크린샷 2026-05-20 오후 8.07.12.png,characters/woongbbi/eunbi/source_images/eunbi_210_riverside_sporty_preppy_city_080712.jpg,riverside_sporty_preppy_city,spring_to_autumn,"white sporty top, black biker shorts, plaid skirt, black blazer set","shopping, riverside park, brick street, bridge district",full_body
211,eunbi_211_riverside_sporty_preppy_city_080719,base_images/eunbi/스크린샷 2026-05-20 오후 8.07.19.png,characters/woongbbi/eunbi/source_images/eunbi_211_riverside_sporty_preppy_city_080719.jpg,riverside_sporty_preppy_city,spring_to_autumn,"white sporty top, black biker shorts, plaid skirt, black blazer set","shopping, riverside park, brick street, bridge district",full_body
212,eunbi_212_riverside_sporty_preppy_city_080732,base_images/eunbi/스크린샷 2026-05-20 오후 8.07.32.png,characters/woongbbi/eunbi/source_images/eunbi_212_riverside_sporty_preppy_city_080732.jpg,riverside_sporty_preppy_city,spring_to_autumn,"white sporty top, black biker shorts, plaid skirt, black blazer set","shopping, riverside park, brick street, bridge district",full_body
213,eunbi_213_riverside_sporty_preppy_city_080739,base_images/eunbi/스크린샷 2026-05-20 오후 8.07.39.png,characters/woongbbi/eunbi/source_images/eunbi_213_riverside_sporty_preppy_city_080739.jpg,riverside_sporty_preppy_city,spring_to_autumn,"white sporty top, black biker shorts, plaid skirt, black blazer set","shopping, riverside park, brick street, bridge district",full_body
214,eunbi_214_riverside_sporty_preppy_city_080745,base_images/eunbi/스크린샷 2026-05-20 오후 8.07.45.png,characters/woongbbi/eunbi/source_images/eunbi_214_riverside_sporty_preppy_city_080745.jpg,riverside_sporty_preppy_city,spring_to_autumn,"white sporty top, black biker shorts, plaid skirt, black blazer set","shopping, riverside park, brick street, bridge district",full_body
215,eunbi_215_riverside_sporty_preppy_city_080752,base_images/eunbi/스크린샷 2026-05-20 오후 8.07.52.png,characters/woongbbi/eunbi/source_images/eunbi_215_riverside_sporty_preppy_city_080752.jpg,riverside_sporty_preppy_city,spring_to_autumn,"white sporty top, black biker shorts, plaid skirt, black blazer set","shopping, riverside park, brick street, bridge district",full_body
216,eunbi_216_riverside_sporty_preppy_city_080757,base_images/eunbi/스크린샷 2026-05-20 오후 8.07.57.png,characters/woongbbi/eunbi/source_images/eunbi_216_riverside_sporty_preppy_city_080757.jpg,riverside_sporty_preppy_city,spring_to_autumn,"white sporty top, black biker shorts, plaid skirt, black blazer set","shopping, riverside park, brick street, bridge district",full_body
217,eunbi_217_riverside_sporty_preppy_city_080804,base_images/eunbi/스크린샷 2026-05-20 오후 8.08.04.png,characters/woongbbi/eunbi/source_images/eunbi_217_riverside_sporty_preppy_city_080804.jpg,riverside_sporty_preppy_city,spring_to_autumn,"white sporty top, black biker shorts, plaid skirt, black blazer set","shopping, riverside park, brick street, bridge district",full_body
218,eunbi_218_riverside_sporty_preppy_city_080815,base_images/eunbi/스크린샷 2026-05-20 오후 8.08.15.png,characters/woongbbi/eunbi/source_images/eunbi_218_riverside_sporty_preppy_city_080815.jpg,riverside_sporty_preppy_city,spring_to_autumn,"white sporty top, black biker shorts, plaid skirt, black blazer set","shopping, riverside park, brick street, bridge district",full_body
219,eunbi_219_riverside_sporty_preppy_city_080821,base_images/eunbi/스크린샷 2026-05-20 오후 8.08.21.png,characters/woongbbi/eunbi/source_images/eunbi_219_riverside_sporty_preppy_city_080821.jpg,riverside_sporty_preppy_city,spring_to_autumn,"white sporty top, black biker shorts, plaid skirt, black blazer set","shopping, riverside park, brick street, bridge district",full_body
220,eunbi_220_riverside_sporty_preppy_city_080827,base_images/eunbi/스크린샷 2026-05-20 오후 8.08.27.png,characters/woongbbi/eunbi/source_images/eunbi_220_riverside_sporty_preppy_city_080827.jpg,riverside_sporty_preppy_city,spring_to_autumn,"white sporty top, black biker shorts, plaid skirt, black blazer set","shopping, riverside park, brick street, bridge district",full_body
221,eunbi_221_riverside_sporty_preppy_city_080834,base_images/eunbi/스크린샷 2026-05-20 오후 8.08.34.png,characters/woongbbi/eunbi/source_images/eunbi_221_riverside_sporty_preppy_city_080834.jpg,riverside_sporty_preppy_city,spring_to_autumn,"white sporty top, black biker shorts, plaid skirt, black blazer set","shopping, riverside park, brick street, bridge district",full_body
222,eunbi_222_riverside_sporty_preppy_city_080843,base_images/eunbi/스크린샷 2026-05-20 오후 8.08.43.png,characters/woongbbi/eunbi/source_images/eunbi_222_riverside_sporty_preppy_city_080843.jpg,riverside_sporty_preppy_city,spring_to_autumn,"white sporty top, black biker shorts, plaid skirt, black blazer set","shopping, riverside park, brick street, bridge district",full_body
223,eunbi_223_riverside_sporty_preppy_city_080850,base_images/eunbi/스크린샷 2026-05-20 오후 8.08.50.png,characters/woongbbi/eunbi/source_images/eunbi_223_riverside_sporty_preppy_city_080850.jpg,riverside_sporty_preppy_city,spring_to_autumn,"white sporty top, black biker shorts, plaid skirt, black blazer set","shopping, riverside park, brick street, bridge district",full_body
224,eunbi_224_riverside_sporty_preppy_city_080857,base_images/eunbi/스크린샷 2026-05-20 오후 8.08.57.png,characters/woongbbi/eunbi/source_images/eunbi_224_riverside_sporty_preppy_city_080857.jpg,riverside_sporty_preppy_city,spring_to_autumn,"white sporty top, black biker shorts, plaid skirt, black blazer set","shopping, riverside park, brick street, bridge district",full_body
225,eunbi_225_riverside_sporty_preppy_city_080903,base_images/eunbi/스크린샷 2026-05-20 오후 8.09.03.png,characters/woongbbi/eunbi/source_images/eunbi_225_riverside_sporty_preppy_city_080903.jpg,riverside_sporty_preppy_city,spring_to_autumn,"white sporty top, black biker shorts, plaid skirt, black blazer set","shopping, riverside park, brick street, bridge district",full_body
226,eunbi_226_riverside_sporty_preppy_city_080919,base_images/eunbi/스크린샷 2026-05-20 오후 8.09.19.png,characters/woongbbi/eunbi/source_images/eunbi_226_riverside_sporty_preppy_city_080919.jpg,riverside_sporty_preppy_city,spring_to_autumn,"white sporty top, black biker shorts, plaid skirt, black blazer set","shopping, riverside park, brick street, bridge district",full_body
227,eunbi_227_riverside_sporty_preppy_city_080926,base_images/eunbi/스크린샷 2026-05-20 오후 8.09.26.png,characters/woongbbi/eunbi/source_images/eunbi_227_riverside_sporty_preppy_city_080926.jpg,riverside_sporty_preppy_city,spring_to_autumn,"white sporty top, black biker shorts, plaid skirt, black blazer set","shopping, riverside park, brick street, bridge district",full_body
228,eunbi_228_riverside_sporty_preppy_city_080932,base_images/eunbi/스크린샷 2026-05-20 오후 8.09.32.png,characters/woongbbi/eunbi/source_images/eunbi_228_riverside_sporty_preppy_city_080932.jpg,riverside_sporty_preppy_city,spring_to_autumn,"white sporty top, black biker shorts, plaid skirt, black blazer set","shopping, riverside park, brick street, bridge district",full_body
229,eunbi_229_close_portrait_cafe_evening_080941,base_images/eunbi/스크린샷 2026-05-20 오후 8.09.41.png,characters/woongbbi/eunbi/source_images/eunbi_229_close_portrait_cafe_evening_080941.jpg,close_portrait_cafe_evening,autumn_to_winter,"blue fuzzy knit, graphic tee with glasses, formal black blazer, black evening dress","cafe, mirror selfie, evening waterfront",portrait
230,eunbi_230_close_portrait_cafe_evening_080950,base_images/eunbi/스크린샷 2026-05-20 오후 8.09.50.png,characters/woongbbi/eunbi/source_images/eunbi_230_close_portrait_cafe_evening_080950.jpg,close_portrait_cafe_evening,autumn_to_winter,"blue fuzzy knit, graphic tee with glasses, formal black blazer, black evening dress","cafe, mirror selfie, evening waterfront",portrait
231,eunbi_231_close_portrait_cafe_evening_081030,base_images/eunbi/스크린샷 2026-05-20 오후 8.10.30.png,characters/woongbbi/eunbi/source_images/eunbi_231_close_portrait_cafe_evening_081030.jpg,close_portrait_cafe_evening,autumn_to_winter,"blue fuzzy knit, graphic tee with glasses, formal black blazer, black evening dress","cafe, mirror selfie, evening waterfront",portrait
232,eunbi_232_close_portrait_cafe_evening_081043,base_images/eunbi/스크린샷 2026-05-20 오후 8.10.43.png,characters/woongbbi/eunbi/source_images/eunbi_232_close_portrait_cafe_evening_081043.jpg,close_portrait_cafe_evening,autumn_to_winter,"blue fuzzy knit, graphic tee with glasses, formal black blazer, black evening dress","cafe, mirror selfie, evening waterfront",portrait
233,eunbi_233_close_portrait_cafe_evening_081054,base_images/eunbi/스크린샷 2026-05-20 오후 8.10.54.png,characters/woongbbi/eunbi/source_images/eunbi_233_close_portrait_cafe_evening_081054.jpg,close_portrait_cafe_evening,autumn_to_winter,"blue fuzzy knit, graphic tee with glasses, formal black blazer, black evening dress","cafe, mirror selfie, evening waterfront",portrait
234,eunbi_234_close_portrait_cafe_evening_081103,base_images/eunbi/스크린샷 2026-05-20 오후 8.11.03.png,characters/woongbbi/eunbi/source_images/eunbi_234_close_portrait_cafe_evening_081103.jpg,close_portrait_cafe_evening,autumn_to_winter,"blue fuzzy knit, graphic tee with glasses, formal black blazer, black evening dress","cafe, mirror selfie, evening waterfront",portrait
